{"cameraMode":{"drawMode":0,"name":"Shaded","section":"Shading Mode"},"sceneLighting":false,"audioPlay":false,"sceneViewState":{"m_AlwaysRefresh":false,"showFog":true,"showSkybox":false,"showFlares":true,"showImageEffects":true,"showParticleSystems":true,"showVisualEffectGraphs":true,"m_FxEnabled":true},"in2DMode":false,"pivot":{"x":-3.2574548721313478,"y":22.447444915771486,"z":3.720216751098633},"rotation":{"x":0.1679290533065796,"y":0.11064594238996506,"z":-0.018962839618325235,"w":0.9793946146965027},"size":10.26258659362793,"orthographic":false}