{"cameraMode":{"drawMode":0,"name":"Shaded","section":"Shading Mode"},"sceneLighting":false,"audioPlay":false,"sceneViewState":{"m_AlwaysRefresh":false,"showFog":true,"showSkybox":false,"showFlares":true,"showImageEffects":true,"showParticleSystems":true,"showVisualEffectGraphs":true,"m_FxEnabled":true},"in2DMode":false,"pivot":{"x":-2.384185791015625e-7,"y":1.2999999523162842,"z":5.960464477539063e-7},"rotation":{"x":0.01312689483165741,"y":-0.5140848159790039,"z":0.007877171970903874,"w":0.8576134443283081},"size":1.682640552520752,"orthographic":false}