{"cameraMode":{"drawMode":0,"name":"Shaded","section":"Shading Mode"},"sceneLighting":true,"audioPlay":false,"sceneViewState":{"m_AlwaysRefresh":false,"showFog":true,"showSkybox":true,"showFlares":true,"showImageEffects":true,"showParticleSystems":true,"showVisualEffectGraphs":true,"m_FxEnabled":true},"in2DMode":false,"pivot":{"x":2.131183385848999,"y":1.642587661743164,"z":0.7388861179351807},"rotation":{"x":0.019805602729320527,"y":0.016491418704390527,"z":-0.0003257324278820306,"w":0.999670147895813},"size":2.088433027267456,"orthographic":false}